{
    "serportnumber": 4,
    "serportname": "COM4",
    "baudrate": 115200,
    "maxLEDcount": 66,
    "lastLedCount": 1,
    "lastLedChannel": 0,
    "lastLed": 0,
    "pos_x": -19,
    "pos_y": 79,
    "win_height": 1080,
    "win_width": 1920,
    "colorview": 1,
    "startpage": 1,
    "startpagename": "Programmgenerator",
    "led_correction_r": 100,
    "led_correction_g": 69,
    "led_correction_b": 94,
    "use_led_correction": 1,
    "old_color": "#FFA8C7",
    "palette": {
        "ROOM_COL0": "#0F0D03",
        "ROOM_COL1": "#162C1B",
        "ROOM_COL2": "#9B4905",
        "ROOM_COL3": "#271201",
        "ROOM_COL4": "#1E0000",
        "ROOM_COL5": "#4F2707",
        "GAS_LIGHT D": "#323232",
        "GAS LIGHT": "#FFFFFF",
        "NEON_LIGHT D": "#14141B",
        "NEON_LIGHT M": "#464650",
        "NEON_LIGHT": "#F5F5FF",
        "ROOM_TV0 A": "#323214",
        "ROOM_TV0 B": "#46461E",
        "ROOM_TV1 A": "#323208",
        "ROOM_TV1 B": "#323208",
        "SINGLE_LED": "#FFFFFF",
        "SINGLE_LED D": "#323232"
    },
    "effectpalette": {
        "House": {
            "ROOM_DARK": "#323232",
            "ROOM_BRIGHT": "#FFFFFF",
            "ROOM_WARM_W": "#934D08",
            "ROOM_RED": "#FF0000",
            "ROOM_D_RED": "#320009",
            "ROOM_COL0": "#0F0D03",
            "ROOM_COL1": "#162C1B",
            "ROOM_COL2": "#9B4905",
            "ROOM_COL3": "#271201",
            "ROOM_COL4": "#1E0000",
            "ROOM_COL5": "#4F2707",
            "ROOM_COL345": "#271201",
            "FIRE": "#000000",
            "FIRED": "#000000",
            "FIREB": "#000000",
            "ROOM_CHIMNEY": "#000000",
            "ROOM_CHIMNEYD": "#000000",
            "ROOM_CHIMNEYB": "#000000",
            "ROOM_TV0": "#323214",
            "ROOM_TV0_CHIMNEY": "#323214",
            "ROOM_TV0_CHIMNEYD": "#323214",
            "ROOM_TV0_CHIMNEYB": "#323214",
            "ROOM_TV1": "#323208",
            "ROOM_TV1_CHIMNEY": "#323208",
            "ROOM_TV1_CHIMNEYD": "#323208",
            "ROOM_TV1_CHIMNEYB": "#323208",
            "NEON_LIGHT": "#F5F5FF",
            "NEON_LIGHT_SGL": "#F5F5FF",
            "NEON_LIGHT1": "#F5F5FF",
            "NEON_LIGHT2": "#F5F5FF",
            "NEON_LIGHT3": "#F5F5FF",
            "NEON_LIGHTD": "#14141B",
            "NEON_LIGHTD_SGL": "#14141B",
            "NEON_LIGHT1D": "#14141B",
            "NEON_LIGHT2D": "#14141B",
            "NEON_LIGHT3D": "#14141B",
            "NEON_LIGHTM": "#464650",
            "NEON_LIGHTM_SGL": "#464650",
            "NEON_LIGHT1M": "#464650",
            "NEON_LIGHT2M": "#464650",
            "NEON_LIGHT3M": "#464650",
            "NEON_LIGHTL": "#464650",
            "NEON_LIGHTL_SGL": "#464650",
            "NEON_LIGHT1L": "#464650",
            "NEON_LIGHT2L": "#464650",
            "NEON_LIGHT3L": "#464650",
            "NEON_DEF_D": "#14141B",
            "NEON_DEF_D_SGL": "#14141B",
            "NEON_DEF1D": "#14141B",
            "NEON_DEF2D": "#14141B",
            "NEON_DEF3D": "#14141B",
            "LED_SGL": "#FFFFFF",
            "SINGLE_LED1": "#FFFFFF",
            "SINGLE_LED2": "#FFFFFF",
            "SINGLE_LED3": "#FFFFFF",
            "LED_D_SGL": "#323232",
            "SINGLE_LED1D": "#323232",
            "SINGLE_LED2D": "#323232",
            "SINGLE_LED3D": "#323232",
            "GAS_LIGHT": "#FFFFFF",
            "GAS_LIGHT_SGL": "#FFFFFF",
            "GAS_LIGHT1": "#FFFFFF",
            "GAS_LIGHT2": "#FFFFFF",
            "GAS_LIGHT3": "#FFFFFF",
            "GAS_LIGHTD": "#323232",
            "GAS_LIGHTD_SGL": "#323232",
            "GAS_LIGHT1D": "#323232",
            "GAS_LIGHT2D": "#323232",
            "GAS_LIGHT3D": "#323232",
            "SKIP_ROOM": "#000000"
        },
        "Const": {},
        "GasLights": {
            "NEON_LIGHT": "NEON_LIGHT",
            "NEON_LIGHT_SGL": "NEON_LIGHT",
            "NEON_LIGHT1": "NEON_LIGHT",
            "NEON_LIGHT2": "NEON_LIGHT",
            "NEON_LIGHT3": "NEON_LIGHT",
            "NEON_LIGHTD": "NEON_LIGHT D",
            "NEON_LIGHTD_SGL": "NEON_LIGHT D",
            "NEON_LIGHT1D": "NEON_LIGHT D",
            "NEON_LIGHT2D": "NEON_LIGHT D",
            "NEON_LIGHT3D": "NEON_LIGHT D",
            "NEON_LIGHTM": "NEON_LIGHT M",
            "NEON_LIGHTM_SGL": "NEON_LIGHT M",
            "NEON_LIGHT1M": "NEON_LIGHT M",
            "NEON_LIGHT2M": "NEON_LIGHT M",
            "NEON_LIGHT3M": "NEON_LIGHT M",
            "NEON_LIGHTL": "#464650",
            "NEON_LIGHTL_SGL": "#464650",
            "NEON_LIGHT1L": "#464650",
            "NEON_LIGHT2L": "#464650",
            "NEON_LIGHT3L": "#464650",
            "NEON_DEF_D": "NEON_LIGHT D",
            "NEON_DEF_D_SGL": "NEON_LIGHT D",
            "NEON_DEF1D": "NEON_LIGHT D",
            "NEON_DEF2D": "NEON_LIGHT D",
            "NEON_DEF3D": "NEON_LIGHT D",
            "GAS_LIGHT": "GAS LIGHT",
            "GAS_LIGHT_SGL": "GAS LIGHT",
            "GAS_LIGHT1": "GAS LIGHT",
            "GAS_LIGHT2": "GAS LIGHT",
            "GAS_LIGHT3": "GAS LIGHT",
            "GAS_LIGHTD": "GAS_LIGHT D",
            "GAS_LIGHTD_SGL": "GAS_LIGHT D",
            "GAS_LIGHT1D": "GAS_LIGHT D",
            "GAS_LIGHT2D": "GAS_LIGHT D",
            "GAS_LIGHT3D": "GAS_LIGHT D"
        }
    },
    "old_effect": "ROOM_DARK",
    "group_name": "Group001",
    "autoconnect": true,
    "lastSound": 0,
    "lastSoundImpuls": 200,
    "startcmdcb": false,
    "startcmd_filename": " ",
    "resourcePathcb": false,
    "resourcePath_filename": " ",
    "ArduinoTypeName": "Nano/Uno (neu)",
    "ArduinoTypeNumber": 1,
    "Z21Data": {
        "0": {
            "serportname": "NO DEVICE",
            "dcc_start": 1,
            "dcc_end": 9999
        },
        "1": {
            "serportname": "NO DEVICE",
            "dcc_start": 1,
            "dcc_end": 9999
        },
        "2": {
            "serportname": "NO DEVICE",
            "dcc_start": 1,
            "dcc_end": 9999
        }
    },
    "lastservo_channel": 1,
    "DCC BaseAddress": 100,
    "ServoAddress": 0,
    "ServoLEDChannel": 0,
    "ServoChannel": 0,
    "SoundAddress": 0,
    "SoundLEDChannel": 0,
    "SoundImpulsLength": 200,
    "Sound_RED": 8,
    "Sound_GREEN": 3,
    "Sound_BLUE": 6,
    "baudratenumber": 0,
    "ARDUINOMessage": 0,
    "Autoconnect": 0,
    "ARDUINOShowAll": true,
    "ARDUINOTakeOver": true,
    "ARDUINOTest": false,
    "UseZ21Data": false,
    "ARDUINOBlink": false,
    "MLLDigSysName": "None",
    "MLLDigSysNumber": 0,
    "Baudrate": 115200,
    "FontTitle": 12,
    "FontLabel": 8,
    "FontSpinbox": 8,
    "FontScale": 8,
    "FontName": "Arial",
    "FontNormal": 11,
    "FontLarge": 14,
    "FontSmall": 8,
    "RMbusTimer": 0,
    "ShowProgramGenerator": true,
    "ShowPatternGenerator": false,
    "ShowHiddentables": false,
    "AutoLoadWorkbooks": true,
    "UseCOM_Port_UserForm": false,
    "languagename": "Auto",
    "language": 0,
    "logfilename": "C:\\Users\\harol\\Documents\\Arduino\\MobaLedLib\\Ver_3.5.0\\LEDs_AutoProg\\pyMobaLedLib_cc\\python\\../logfile.log",
    "loaddatafile": true,
    "LEDchannel": "",
    "lastactive_tabname": "ColorCheckPage"
}