{
  "build": {
    "core": "arduino",
    "extra_flags": "-DARDUINO_AVR_NANO",
    "f_cpu": "16000000L",
    "mcu": "atmega328p",
    "variant": "eightanaloginputs"
  },
  "bootloader": {
    "efuse": "0xFD",
    "file": "optiboot/optiboot_atmega328.hex",
    "hfuse": "0xDA",
    "lock_bits": "0x0F",
    "lfuse": "0xFF",
    "unlock_bits": "0x3F"
  },
  "debug": {
    "simavr_target": "atmega328p",
    "avr-stub": {
      "speed": 115200
    }
  },
  "frameworks": [
    "arduino"
  ],
  "name": "Arduino Nano ATmega328 (New Bootloader)",
  "upload": {
    "maximum_ram_size": 2048,
    "maximum_size": 32256,
    "protocol": "arduino",
    "require_upload_port": true,
    "speed": 115200
  },
  "url": "https://www.arduino.cc/en/Main/ArduinoBoardNano",
  "vendor": "Arduino"
}
