{
  "version": 1,
  "disable_existing_loggers": false,
  "formatters": {
    "default": {
      "format": "%(asctime)s - %(name)s - %(levelname)s - %(message)s"
    }
  },
  "handlers": {
    "console": {
      "class": "logging.StreamHandler",
      "level": "DEBUG",
      "formatter": "default",
      "stream": "ext://sys.stdout"
    },
    "file": {
      "class": "logging.handlers.RotatingFileHandler",
      "level": "DEBUG",
      "formatter": "default",
      "filename": "logfile.log",
      "maxBytes": 1000000,
      "backupCount": 5
    }
  },
  "root": {
    "level": "DEBUG",
    "handlers": ["file"]
  }
}

